Fold,Dataset,ML Method,Embedding Method,Concatenation,Best Parameters,PCA n_components,AUC,AP,Sensitivity,Specificity,Precision,F1,Balanced Accuracy
0,posttrauma,HistGradientBoosting,none,no,{'hist_gb__min_samples_leaf': 20},none,0.8979591836734694,0.9670218587169053,0.9047619047619048,0.42857142857142855,0.8260869565217391,0.6818181818181819,0.6666666666666666
1,posttrauma,HistGradientBoosting,none,no,{'hist_gb__min_samples_leaf': 20},none,0.8333333333333333,0.9512925260481653,0.8571428571428571,0.5,0.8571428571428571,0.6785714285714286,0.6785714285714286
2,posttrauma,HistGradientBoosting,none,no,{'hist_gb__min_samples_leaf': 20},none,0.8571428571428572,0.952169319951323,0.9047619047619048,0.5,0.8636363636363636,0.7145877378435518,0.7023809523809523
