Fold,Dataset,ML Method,Embedding Method,Concatenation,Best Parameters,PCA n_components,AUC,AP,Sensitivity,Specificity,Precision,F1,Balanced Accuracy
0,posttrauma,logistic regression,none,no,{'classifier__C': 2},none,0.8503401360544217,0.9572259709101816,0.9523809523809523,0.14285714285714285,0.7692307692307693,0.5366430260047281,0.5476190476190476
1,posttrauma,logistic regression,none,no,{'classifier__C': 2},none,0.7063492063492064,0.9105544923959246,0.9047619047619048,0.3333333333333333,0.8260869565217391,0.6318181818181818,0.6190476190476191
2,posttrauma,logistic regression,none,no,{'classifier__C': 2},none,0.8412698412698413,0.9481883530412945,0.7619047619047619,0.8333333333333334,0.9411764705882353,0.7335526315789473,0.7976190476190477
