Fold,AUC,AP,Sensitivity,Specificity,Precision,F1,Balanced Accuracy,Dataset,ML Method,Embedding Method
0,0.6870748299319728,0.8937456941511999,0.7619047619047619,0.2857142857142857,0.7619047619047619,0.5238095238095237,0.5238095238095237,posttrauma,logistic regression,none
1,0.8571428571428571,0.9579684525925609,0.9047619047619048,0.6666666666666666,0.9047619047619048,0.7857142857142857,0.7857142857142857,posttrauma,logistic regression,none
2,0.9126984126984127,0.9752648855313608,1.0,0.16666666666666666,0.8076923076923077,0.5896656534954408,0.5833333333333334,posttrauma,logistic regression,none
