Fold,Dataset,ML Method,Embedding Method,Concatenation,Best Parameters,PCA n_components,AUC,AP,Sensitivity,Specificity,Precision,F1,Balanced Accuracy
0,posttrauma,logistic regression,GTE-Base,no,"{'aggregator__method': 'embedding_cls', 'classifier__C': 2}",none,0.47619047619047616,0.7721521908426672,0.8095238095238095,0.0,0.7083333333333334,0.37777777777777777,0.40476190476190477
1,posttrauma,logistic regression,GTE-Base,no,"{'aggregator__method': 'embedding_cls', 'classifier__C': 2}",none,0.5158730158730158,0.8404089320959502,0.9523809523809523,0.0,0.7692307692307693,0.425531914893617,0.47619047619047616
2,posttrauma,logistic regression,GTE-Base,no,"{'aggregator__method': 'embedding_cls', 'classifier__C': 2}",none,0.6111111111111112,0.8288899462355803,0.9047619047619048,0.3333333333333333,0.8260869565217391,0.6318181818181818,0.6190476190476191
